Month and Year,Area,Homicide Total,Murder,Attempted / Conspiracy to Murder,Manslaughter,Driving Causing Death,Recent Sexual Offence Total,Sexual Assault,Non-Assaultive Sexual Offences,Historical Sexual Offence Total,Sexual Assault,Non-Assaultive Sexual Offences,Assault (Family) Total,Serious Assault (Family),Common Assault (Family),Assault (Non-Family) Total,Serious Assault (Non-Family),Common Assault (Non-Family),Assault Police Officer,Threatening Behaviour (Family) Total,Threatening Behaviour (Family),Possess Weapon to Cause Fear (Family),Threatening Behaviour (Non-Family) Total,Threatening Behaviour (Non-Family),Possess Weapon to Cause Fear (Non-Family),Deprivation of Liberty Total,Kidnapping / Child Stealing,Deprivation of Liberty,Robbery Total,Robbery (Business),Robbery (Non-Business),,Burglary Total,Burglary (Dwelling),Burglary (Non-Dwelling),Stealing of Motor Vehicle,Stealing Total,Stealing From Motor Vehicle (Contents or Parts),Stealing From Retail Premises (Shoplift),Stealing From Dwelling,Stealing From Other Premises or Place,Stealing as a Servant,Stealing (Not Elsewhere Classified),Property Damage Total,Criminal Damage,Damage,Arson Total,Cause Bushfire,Cause Damage by Fire,Other Fire Related Offences,,,Drug Offences Total,Drug Dealing,Drug Possession,Possession of Drug Paraphernalia,Cultivate or Manufacture Drugs,Other Drug Offences,Receiving and Possession of Stolen Property Total,Possess Stolen Property,Receiving Stolen Property,Regulated Weapons Offences,,Graffiti,Fraud & Related Offences Total,Forgery,Fraud (Credit Card),Fraud (Not Elsewhere Classified),Breach of Violence Restraint Order Total,Breach of Family Violence Restraint Order,Breach of Violence Restraint Order,Breach of Police Order,
Jan-07,Joondalup District,3,0,1,0,2,13,3,10,2,1,1,70,12,58,54,13,33,8,4,3,1,20,13,7,1,0,1,12,2,10,179,287,210,77,58,619,0,0,0,0,3,616,364,38,326,13,2,11,0,1341,1520,125,14,57,45,9,0,4,4,0,12,141,61,45,2,0,43,52,40,7,5,158
Feb-07,Joondalup District,1,0,0,0,1,11,8,3,24,24,0,57,18,39,78,22,50,6,5,5,0,22,12,10,4,1,3,8,5,3,210,235,163,72,42,542,0,0,0,0,1,541,308,21,287,13,5,8,0,1140,1350,96,7,48,32,8,1,20,17,3,8,124,61,64,1,0,63,63,44,14,5,188
Mar-07,Joondalup District,2,1,0,0,1,18,16,2,1,1,0,65,19,46,113,34,77,2,2,2,0,17,13,4,5,1,4,22,2,20,245,234,169,65,62,583,0,0,0,0,6,577,357,36,321,7,3,4,0,1243,1488,110,12,64,26,7,1,21,15,6,15,146,199,55,1,0,54,81,53,26,2,335
Apr-07,Joondalup District,0,0,0,0,0,14,14,0,7,6,1,53,9,44,89,32,54,3,3,3,0,16,10,6,2,0,2,18,5,13,202,235,142,93,42,531,0,0,0,0,0,531,350,42,308,5,0,5,0,1163,1365,103,9,50,30,12,2,10,5,5,23,136,85,33,1,0,32,44,30,11,3,162
May-07,Joondalup District,1,1,0,0,0,8,5,3,33,31,2,43,8,35,76,20,55,1,9,9,0,28,22,6,3,0,3,11,1,10,212,246,169,77,50,595,0,0,0,0,4,591,345,33,312,16,1,15,0,1252,1464,184,22,96,55,10,1,22,10,12,21,227,85,70,0,0,70,26,22,4,0,181
Jun-07,Joondalup District,0,0,0,0,0,9,6,3,13,7,6,47,4,43,111,36,64,11,4,2,2,24,8,16,0,0,0,11,3,8,219,233,150,83,42,557,0,0,0,0,5,552,318,33,285,8,0,8,0,1158,1377,192,18,113,53,8,0,17,13,4,18,227,77,58,1,0,57,61,39,20,2,196
Jul-07,Joondalup District,0,0,0,0,0,11,8,3,2,1,1,49,7,42,73,37,35,1,6,3,3,11,8,3,4,0,4,24,3,21,180,266,188,78,55,584,0,0,0,0,3,581,333,29,304,11,1,10,0,1249,1429,169,13,84,54,18,0,15,9,6,12,196,96,81,0,0,81,67,45,20,2,244
Aug-07,Joondalup District,2,0,0,0,2,11,10,1,8,8,0,55,5,50,77,22,52,3,4,4,0,24,17,7,3,0,3,12,2,10,196,264,164,100,54,644,0,0,0,0,1,643,351,32,319,5,0,5,0,1318,1514,141,11,75,42,12,1,23,8,15,10,174,103,47,0,0,47,51,39,9,3,201
Sep-07,Joondalup District,2,0,0,0,2,12,5,7,5,5,0,67,13,54,99,30,63,6,6,6,0,25,14,11,3,1,2,13,0,13,232,282,203,79,58,600,0,0,0,0,3,597,322,42,280,6,0,6,0,1268,1500,129,5,68,51,5,0,20,14,6,11,160,122,20,1,0,19,47,30,7,10,189
Oct-07,Joondalup District,0,0,0,0,0,7,4,3,4,4,0,57,6,51,73,22,48,3,7,6,1,17,8,9,3,1,2,14,0,14,182,308,216,92,64,641,0,0,0,0,2,639,353,52,301,5,0,5,0,1371,1553,108,8,60,32,8,0,12,11,1,16,136,165,68,1,0,67,41,26,8,7,274
Nov-07,Joondalup District,2,1,0,0,1,10,6,4,5,5,0,87,17,70,100,34,62,4,6,4,2,23,12,11,2,0,2,15,0,15,250,316,205,111,71,530,0,0,0,0,6,524,343,33,310,10,1,9,0,1270,1520,96,9,42,39,4,2,14,5,9,10,120,189,54,1,0,53,61,44,10,7,304
Dec-07,Joondalup District,1,0,0,0,1,14,12,2,3,3,0,60,6,54,104,35,64,5,5,5,0,18,11,7,2,0,2,17,1,16,224,258,173,85,52,582,0,0,0,0,1,581,362,45,317,18,2,16,0,1272,1496,100,8,53,34,5,0,7,6,1,17,124,175,51,0,0,51,34,17,10,7,260
Jan-08,Joondalup District,0,0,0,0,0,25,7,18,22,22,0,68,8,60,75,31,37,7,5,4,1,22,18,4,4,0,4,21,1,20,242,304,204,100,64,617,0,0,0,0,3,614,414,49,365,19,10,9,0,1418,1660,81,4,37,36,4,0,5,5,0,14,100,189,77,6,0,71,53,34,12,7,319
Feb-08,Joondalup District,0,0,0,0,0,14,6,8,28,28,0,81,14,67,100,36,53,11,5,5,0,29,23,6,2,0,2,11,1,10,270,303,217,86,70,599,0,0,0,0,4,595,360,30,330,10,2,8,0,1342,1612,77,7,42,23,5,0,19,15,4,9,105,131,31,2,0,29,50,29,13,8,212
Mar-08,Joondalup District,0,0,0,0,0,15,11,4,11,10,1,65,14,51,84,36,46,2,4,3,1,20,14,6,3,0,3,9,1,8,211,343,246,97,63,715,0,0,0,0,5,710,386,43,343,14,2,12,0,1521,1732,84,7,48,23,6,0,22,11,11,19,125,114,152,5,0,147,44,28,11,5,310
Apr-08,Joondalup District,0,0,0,0,0,16,9,7,5,4,1,53,7,46,49,15,29,5,8,7,1,16,10,6,0,0,0,13,1,12,160,245,156,89,50,658,0,0,0,0,4,654,316,40,276,9,0,9,0,1278,1438,133,11,82,35,5,0,15,9,6,27,175,97,78,1,0,77,76,57,9,10,251
May-08,Joondalup District,0,0,0,0,0,13,10,3,4,4,0,65,16,49,123,37,79,7,0,0,0,19,13,6,2,0,2,10,2,8,236,302,193,109,54,672,0,0,0,0,5,667,334,30,304,10,0,10,0,1372,1608,159,7,106,42,3,1,20,10,10,8,187,99,55,9,0,46,77,35,36,6,231
Jun-08,Joondalup District,2,2,0,0,0,10,10,0,5,2,3,38,9,29,85,27,53,5,5,5,0,25,18,7,1,0,1,9,1,8,180,274,205,69,61,673,0,0,0,0,3,670,354,33,321,5,0,5,0,1367,1547,150,5,93,44,8,0,21,17,4,14,185,99,100,2,0,98,28,15,9,4,227
Jul-08,Joondalup District,0,0,0,0,0,11,11,0,1,1,0,41,7,34,49,16,27,6,4,2,2,19,12,7,0,0,0,9,0,9,134,247,163,84,51,714,0,0,0,0,2,712,408,50,358,11,0,11,0,1431,1565,106,10,56,33,6,1,57,49,8,10,173,197,37,1,0,36,83,76,5,2,317
Aug-08,Joondalup District,0,0,0,0,0,13,7,6,1,1,0,31,5,26,99,31,55,13,5,4,1,20,12,8,1,0,1,8,2,6,178,265,201,64,58,677,0,0,0,0,4,673,332,36,296,11,0,11,0,1343,1521,131,6,70,51,4,0,17,16,1,19,167,104,41,0,0,41,82,66,12,4,227
Sep-08,Joondalup District,1,0,0,1,0,6,3,3,3,2,1,40,10,30,102,34,62,6,2,2,0,17,11,6,1,0,1,19,1,18,191,293,218,75,65,809,0,0,0,0,5,804,423,48,375,9,0,9,0,1599,1790,116,11,53,45,7,0,18,13,5,22,156,90,53,0,0,53,40,31,4,5,183
Oct-08,Joondalup District,2,1,0,0,1,11,9,2,2,2,0,43,9,34,118,42,71,5,8,6,2,19,11,8,4,0,4,15,0,15,222,255,155,100,48,692,0,0,0,0,5,687,353,56,297,10,0,10,0,1358,1580,187,34,92,53,8,0,25,15,10,25,237,131,29,1,0,28,78,39,33,6,238
Nov-08,Joondalup District,1,1,0,0,0,27,20,7,21,21,0,41,9,32,104,33,64,7,4,4,0,14,9,5,5,0,5,11,1,10,228,339,174,165,89,689,0,0,0,0,4,685,409,59,350,7,1,6,0,1533,1761,91,4,50,33,4,0,12,8,4,8,111,127,216,0,0,216,119,105,8,6,462
Dec-08,Joondalup District,0,0,0,0,0,5,5,0,0,0,0,40,8,32,94,31,52,11,3,1,2,15,12,3,1,0,1,15,0,15,173,310,211,99,60,628,0,0,0,0,4,624,346,52,294,14,1,13,0,1358,1531,128,14,63,44,7,0,17,14,3,12,157,103,42,0,0,42,26,13,10,3,171
Jan-09,Joondalup District,0,0,0,0,0,11,8,3,4,4,0,47,11,36,96,40,48,8,3,3,0,27,23,4,2,0,2,18,3,15,208,300,226,74,77,762,0,0,0,0,3,759,407,55,352,8,0,8,0,1554,1762,104,13,55,28,6,2,42,36,6,11,157,73,109,1,0,108,40,20,14,6,222
Feb-09,Joondalup District,1,1,0,0,0,17,16,1,5,5,0,43,9,34,78,37,36,5,4,2,2,13,10,3,3,0,3,14,2,12,178,243,178,65,43,631,0,0,0,0,4,627,331,41,290,13,0,13,0,1261,1439,107,8,59,34,6,0,31,30,1,18,156,76,69,0,0,69,66,42,19,5,211
Mar-09,Joondalup District,0,0,0,0,0,18,10,8,8,7,1,31,6,25,114,53,60,1,3,2,1,16,9,7,1,0,1,10,2,8,201,325,222,103,57,624,0,0,0,0,9,615,376,42,334,14,1,13,0,1396,1597,126,18,74,30,4,0,19,13,6,18,163,77,51,0,0,51,62,34,22,6,190
Apr-09,Joondalup District,2,0,0,0,2,15,7,8,11,10,1,30,2,28,84,27,53,4,2,2,0,24,16,8,0,0,0,16,1,15,184,317,222,95,66,563,0,0,0,0,4,559,355,38,317,28,11,17,0,1329,1513,158,20,94,39,5,0,22,18,4,16,196,82,43,0,0,43,46,29,12,5,171
May-09,Joondalup District,0,0,0,0,0,25,12,13,4,4,0,41,9,32,91,29,58,4,7,5,2,20,13,7,0,0,0,25,4,21,213,306,211,95,55,585,0,0,0,0,4,581,377,32,345,9,0,9,0,1332,1545,141,12,73,46,9,1,13,11,2,15,169,79,67,1,0,66,32,20,10,2,178
Jun-09,Joondalup District,0,0,0,0,0,10,2,8,12,8,4,57,8,49,75,19,53,3,2,1,1,21,14,7,1,1,0,15,1,14,193,265,185,80,46,602,0,0,0,0,3,599,328,32,296,6,0,6,0,1247,1440,114,12,57,38,7,0,14,12,2,13,141,65,87,0,0,87,83,66,12,5,235
Jul-09,Joondalup District,0,0,0,0,0,11,6,5,29,29,0,54,9,45,53,28,22,3,5,2,3,24,12,12,5,0,5,15,2,13,196,306,219,87,44,559,0,0,0,0,7,552,310,33,277,10,1,9,0,1229,1425,189,69,67,48,5,0,25,20,5,39,253,89,53,0,0,53,60,42,12,6,202
Aug-09,Joondalup District,0,0,0,0,0,24,10,14,21,20,1,42,14,28,100,31,65,4,2,1,1,22,9,13,2,1,1,18,0,18,231,229,157,72,65,498,0,0,0,0,7,491,286,34,252,8,1,7,0,1086,1317,123,12,64,39,7,1,19,16,3,17,159,69,30,2,0,28,61,34,18,9,160
Sep-09,Joondalup District,2,0,0,0,2,9,6,3,5,4,1,41,5,36,86,32,54,0,7,3,4,22,14,8,1,0,1,17,2,15,190,233,171,62,49,492,0,0,0,0,4,488,304,25,279,14,0,14,0,1092,1282,133,21,63,37,11,1,41,31,10,23,197,54,41,2,0,39,42,30,10,2,137
Oct-09,Joondalup District,4,0,0,0,4,49,17,32,48,48,0,49,10,39,94,35,57,2,5,4,1,26,15,11,5,0,5,14,1,13,294,213,133,80,55,613,0,0,0,0,6,607,314,22,292,22,1,21,0,1217,1511,117,13,55,38,11,0,18,9,9,20,155,91,43,0,0,43,51,20,27,4,185
Nov-09,Joondalup District,2,0,0,0,2,14,6,8,1,1,0,53,18,35,107,28,75,4,2,2,0,20,18,2,0,0,0,17,1,16,216,210,140,70,46,539,0,0,0,0,4,535,328,23,305,16,4,12,0,1139,1355,113,3,62,43,5,0,23,5,18,14,150,81,24,1,0,23,43,25,9,9,148
Dec-09,Joondalup District,0,0,0,0,0,18,5,13,13,13,0,63,14,49,76,25,46,5,10,8,2,13,7,6,2,0,2,9,0,9,204,219,162,57,42,570,0,0,0,0,1,569,300,20,280,22,6,16,0,1153,1357,127,26,62,31,8,0,13,12,1,17,157,53,26,2,0,24,57,41,9,7,136
Jan-10,Joondalup District,0,0,0,0,0,20,15,5,3,3,0,58,11,47,74,16,52,6,4,3,1,14,10,4,2,0,2,11,0,11,186,241,178,63,68,582,0,0,0,0,4,578,292,17,275,7,2,5,0,1190,1376,91,14,36,29,11,1,23,17,6,15,129,45,25,0,0,25,69,48,14,7,139
Feb-10,Joondalup District,1,0,0,0,1,29,16,13,6,6,0,38,12,26,88,26,59,3,10,9,1,12,8,4,4,1,3,27,0,27,215,212,160,52,66,612,0,0,0,0,1,611,261,20,241,7,1,6,0,1158,1373,104,17,45,34,8,0,14,11,3,19,137,38,75,0,0,75,51,38,11,2,164
Mar-10,Joondalup District,0,0,0,0,0,21,8,13,7,7,0,57,10,47,96,25,67,4,14,10,4,29,12,17,2,0,2,13,2,11,239,264,225,39,56,546,0,0,0,0,4,542,288,22,266,4,0,4,0,1158,1397,112,16,62,32,2,0,26,20,6,18,156,51,24,3,0,21,88,66,15,7,163
Apr-10,Joondalup District,0,0,0,0,0,11,6,5,10,10,0,34,4,30,75,32,39,4,9,8,1,18,11,7,3,1,2,9,0,9,169,190,150,40,48,491,0,0,0,0,1,490,236,24,212,5,0,5,0,970,1139,115,13,60,35,6,1,18,14,4,19,152,46,50,16,0,34,29,16,11,2,125
May-10,Joondalup District,0,0,0,0,0,27,15,12,7,5,2,38,8,30,80,27,47,6,2,2,0,15,9,6,0,0,0,15,0,15,184,216,182,34,44,514,0,0,0,0,7,507,250,22,228,5,0,5,0,1029,1213,116,8,51,45,11,1,16,9,7,19,151,64,32,3,0,29,42,23,9,10,138
Jun-10,Joondalup District,0,0,0,0,0,15,8,7,13,13,0,45,10,35,66,23,41,2,5,4,1,10,6,4,4,0,4,23,4,19,181,233,184,49,35,455,0,0,0,0,3,452,239,15,224,4,0,4,0,966,1147,123,16,65,33,9,0,30,21,9,7,160,69,37,2,0,35,27,18,8,1,133
Jul-10,Joondalup District,0,0,0,0,0,37,35,2,53,52,1,39,7,32,62,16,42,4,3,2,1,10,5,5,3,0,3,15,0,15,222,223,154,69,49,492,0,0,0,0,2,490,238,17,221,11,0,11,0,1013,1235,92,12,51,25,4,0,26,14,12,9,127,54,43,2,0,41,46,34,5,7,143
Aug-10,Joondalup District,0,0,0,0,0,9,6,3,9,8,1,27,8,19,71,31,38,2,4,3,1,11,7,4,2,0,2,10,3,7,143,219,155,64,49,481,0,0,0,0,4,477,249,18,231,16,0,16,0,1014,1157,83,7,44,27,5,0,12,9,3,2,97,66,55,0,0,55,43,20,19,4,164
Sep-10,Joondalup District,0,0,0,0,0,11,8,3,19,17,2,51,16,35,97,26,57,14,4,3,1,9,6,3,2,0,2,5,1,4,198,219,175,44,46,562,0,0,0,0,6,556,310,30,280,4,0,4,0,1141,1339,101,8,47,41,4,1,15,10,5,22,138,54,48,1,0,47,126,106,11,9,228
Oct-10,Joondalup District,0,0,0,0,0,14,8,6,3,3,0,91,10,81,98,33,58,7,7,7,0,16,6,10,3,1,2,14,3,11,246,234,160,74,44,508,0,0,0,0,3,505,318,42,276,16,1,15,0,1120,1366,83,5,41,30,6,1,6,1,5,20,109,66,55,0,0,55,64,40,14,10,185
Nov-10,Joondalup District,2,1,0,0,1,31,26,5,18,18,0,65,8,57,75,22,52,1,13,10,3,10,8,2,4,1,3,5,0,5,223,220,153,67,38,548,0,0,0,0,3,545,253,27,226,6,0,6,0,1065,1288,94,6,52,30,6,0,19,16,3,11,124,37,28,0,0,28,50,32,12,6,115
Dec-10,Joondalup District,1,1,0,0,0,11,7,4,5,5,0,80,10,70,80,25,51,4,10,8,2,12,7,5,1,0,1,6,0,6,206,229,182,47,67,525,0,0,0,0,2,523,343,50,293,9,1,8,0,1173,1379,80,7,45,19,9,0,12,9,3,10,102,44,103,1,0,102,319,296,14,9,466
Jan-11,Joondalup District,0,0,0,0,0,26,17,9,7,7,0,74,11,63,98,36,59,3,3,3,0,16,11,5,3,0,3,14,2,12,241,339,236,103,94,628,0,0,0,0,1,627,353,45,308,11,3,8,0,1425,1666,78,2,45,23,8,0,10,7,3,17,105,60,36,11,0,25,56,39,9,8,152
Feb-11,Joondalup District,0,0,0,0,0,14,5,9,27,24,3,78,17,61,94,37,54,3,10,9,1,16,9,7,0,0,0,15,1,14,254,285,223,62,68,577,0,0,0,0,5,572,277,45,232,12,2,10,0,1219,1473,76,3,41,27,5,0,11,5,6,13,100,71,27,0,0,27,83,61,13,9,181
Mar-11,Joondalup District,1,0,0,0,1,24,18,6,8,8,0,86,20,66,115,47,62,6,11,9,2,33,15,18,3,0,3,10,1,9,291,298,234,64,72,693,0,0,0,0,5,688,294,47,247,17,2,15,0,1374,1665,124,8,63,42,11,0,26,14,12,25,175,44,51,11,0,40,57,41,7,9,152
Apr-11,Joondalup District,2,0,0,0,2,7,5,2,11,9,2,84,24,60,96,40,53,3,12,10,2,18,7,11,0,0,0,14,1,13,244,265,192,73,58,619,0,0,0,0,3,616,276,34,242,10,2,8,0,1228,1472,95,3,55,30,7,0,8,2,6,16,119,40,68,0,0,68,52,26,16,10,160
May-11,Joondalup District,0,0,0,0,0,22,11,11,19,19,0,74,17,57,75,23,48,4,4,3,1,18,13,5,2,0,2,11,0,11,225,294,239,55,57,610,0,0,0,0,2,608,290,33,257,6,1,5,0,1257,1482,114,13,58,34,8,1,15,11,4,16,145,30,65,0,0,65,53,41,8,4,148
Jun-11,Joondalup District,1,0,0,0,1,21,15,6,7,6,1,74,11,63,78,24,52,2,5,5,0,10,4,6,2,0,2,23,3,20,221,290,210,80,56,612,0,0,0,0,3,609,290,46,244,3,0,3,0,1251,1472,95,12,46,32,5,0,21,12,9,9,125,44,54,1,0,53,43,33,8,2,141
Jul-11,Joondalup District,0,0,0,0,0,18,10,8,12,5,7,95,16,79,72,27,36,9,12,7,5,9,3,6,2,0,2,16,4,12,236,307,217,90,69,663,0,0,0,0,2,661,231,32,199,6,0,6,0,1276,1512,103,9,59,29,6,0,12,9,3,11,126,40,28,2,0,26,43,29,7,7,111
Aug-11,Joondalup District,0,0,0,0,0,19,13,6,30,25,5,68,6,62,102,34,61,7,9,7,2,22,9,13,0,0,0,16,2,14,266,305,239,66,79,685,0,0,0,0,4,681,265,33,232,6,1,5,0,1340,1606,124,12,69,41,1,1,32,25,7,35,191,43,54,1,0,53,118,96,15,7,215
Sep-11,Joondalup District,0,0,0,0,0,8,7,1,59,55,4,76,11,65,75,22,51,2,11,7,4,25,15,10,2,0,2,20,4,16,276,389,295,94,63,769,0,0,0,0,4,765,235,38,197,14,1,13,0,1470,1746,130,10,80,37,3,0,28,19,9,29,187,35,36,2,0,34,38,23,7,8,109
Oct-11,Joondalup District,0,0,0,0,0,21,17,4,8,4,4,90,12,78,101,36,62,3,12,9,3,18,8,10,1,1,0,16,4,12,267,384,309,75,78,675,0,0,0,0,1,674,270,39,231,12,0,12,0,1419,1686,85,4,54,26,1,0,19,9,10,16,120,29,30,2,0,28,38,18,15,5,97
Nov-11,Joondalup District,0,0,0,0,0,18,10,8,21,18,3,99,16,83,91,27,57,7,5,4,1,16,10,6,2,0,2,19,2,17,271,316,252,64,56,691,0,0,0,0,2,689,270,37,233,11,0,11,0,1344,1615,118,45,44,22,6,1,14,12,2,13,145,39,58,5,0,53,61,42,9,10,158
Dec-11,Joondalup District,3,1,0,0,2,14,8,6,23,23,0,158,21,137,89,28,59,2,11,7,4,24,14,10,1,0,1,13,6,7,336,363,282,81,75,711,0,0,0,0,6,705,315,36,279,8,4,4,0,1472,1808,78,9,41,25,3,0,33,24,9,19,130,29,49,0,0,49,82,50,19,13,160
Jan-12,Joondalup District,0,0,0,0,0,17,13,4,8,7,1,174,18,156,106,37,62,7,15,12,3,21,9,12,0,0,0,18,2,16,359,347,283,64,93,763,0,0,0,0,0,763,348,35,313,26,14,12,0,1577,1936,153,14,81,52,6,0,23,16,7,32,208,30,74,2,0,72,74,41,18,15,178
Feb-12,Joondalup District,0,0,0,0,0,25,12,13,10,9,1,119,11,108,101,34,59,8,23,17,6,26,16,10,4,0,4,8,2,6,316,331,276,55,69,760,0,0,0,0,4,756,316,42,274,12,6,6,0,1488,1804,86,14,38,26,8,0,21,8,13,19,126,25,38,0,0,38,44,30,8,6,107
Mar-12,Joondalup District,2,1,0,0,1,21,17,4,9,9,0,101,11,90,117,38,76,3,16,13,3,18,11,7,5,1,4,16,1,15,305,288,235,53,56,659,0,0,0,0,7,652,283,34,249,18,8,10,0,1304,1609,110,10,76,22,2,0,20,13,7,13,143,29,65,1,0,64,44,22,10,12,138
Apr-12,Joondalup District,0,0,0,0,0,8,6,2,0,0,0,103,12,91,100,34,63,3,7,7,0,13,10,3,1,0,1,18,0,18,250,303,240,63,61,714,0,0,0,0,2,712,285,27,258,9,0,9,0,1372,1622,136,17,79,37,2,1,31,25,6,33,200,20,61,2,0,59,56,39,10,7,137
May-12,Joondalup District,0,0,0,0,0,20,15,5,6,5,1,107,15,92,83,26,56,1,4,3,1,23,12,11,0,0,0,10,1,9,253,332,273,59,66,766,0,0,0,0,2,764,288,40,248,7,0,7,0,1459,1712,91,6,50,28,7,0,23,17,6,10,124,23,585,1,0,584,42,21,15,6,650
Jun-12,Joondalup District,1,1,0,0,0,14,11,3,28,7,21,98,10,88,82,27,50,5,7,4,3,16,7,9,0,0,0,9,0,9,255,216,174,42,66,657,0,0,0,0,3,654,269,28,241,9,1,8,0,1217,1472,111,9,58,41,3,0,19,16,3,15,145,21,393,2,0,391,51,29,16,6,465
Jul-12,Joondalup District,2,0,1,0,1,15,12,3,19,18,1,109,13,96,66,23,42,1,9,9,0,19,11,8,0,0,0,17,5,12,256,253,201,52,74,722,0,0,0,0,3,719,279,35,244,7,0,7,0,1335,1591,137,14,79,43,1,0,19,15,4,40,196,31,37,0,0,37,43,30,5,8,111
Aug-12,Joondalup District,1,1,0,0,0,24,15,9,9,9,0,83,11,72,112,28,82,2,7,7,0,9,3,6,1,0,1,12,3,9,258,285,212,73,80,751,0,0,0,0,3,748,254,30,224,6,0,6,0,1376,1634,144,9,82,46,5,2,14,12,2,17,175,28,105,0,0,105,66,55,5,6,199
Sep-12,Joondalup District,1,0,0,0,1,16,11,5,6,6,0,119,10,109,68,20,45,3,8,6,2,16,11,5,0,0,0,13,1,12,247,300,240,60,88,658,0,0,0,0,2,656,273,41,232,10,0,10,0,1329,1576,124,17,69,33,4,1,26,21,5,24,174,28,149,0,0,149,72,50,11,11,249
Oct-12,Joondalup District,1,0,0,0,1,25,15,10,22,12,10,105,19,86,88,22,63,3,14,13,1,16,6,10,3,0,3,17,7,10,291,356,305,51,95,695,0,0,0,0,1,694,307,43,264,6,2,4,0,1459,1750,137,19,68,42,8,0,29,23,6,21,187,28,280,3,0,277,71,60,5,6,379
Nov-12,Joondalup District,0,0,0,0,0,22,10,12,14,13,1,118,13,105,108,36,72,0,11,11,0,14,8,6,1,0,1,14,5,9,302,294,232,62,74,723,0,0,0,0,3,720,271,41,230,5,0,5,0,1367,1669,158,55,62,34,6,1,27,22,5,20,205,30,260,0,0,260,46,31,8,7,336
Dec-12,Joondalup District,0,0,0,0,0,14,10,4,15,12,3,139,15,124,101,35,58,8,5,3,2,13,6,7,5,1,4,20,6,14,312,248,203,45,78,624,0,0,0,0,1,623,266,44,222,13,2,11,0,1229,1541,102,7,48,40,7,0,26,18,8,13,141,32,83,0,0,83,71,46,14,11,186
Jan-13,Joondalup District,1,0,0,0,1,21,12,9,14,14,0,139,23,116,104,34,65,5,14,11,3,8,8,0,2,0,2,19,6,13,322,338,238,100,75,732,0,0,0,0,3,729,348,65,283,10,2,7,1,1503,1825,121,21,61,34,5,0,40,28,12,27,188,26,73,0,0,73,49,35,4,10,148
Feb-13,Joondalup District,2,0,1,1,0,18,10,8,0,0,0,106,15,91,86,28,53,5,6,6,0,27,14,13,2,0,2,19,6,13,266,302,236,66,74,594,0,0,0,0,9,585,297,53,244,11,1,10,0,1278,1544,107,13,49,39,4,2,29,17,12,66,202,14,80,0,0,80,136,112,17,7,230
Mar-13,Joondalup District,0,0,0,0,0,35,23,12,28,24,4,128,11,117,103,35,64,4,10,6,4,18,13,5,0,0,0,13,3,10,335,262,194,68,93,710,0,0,0,0,3,707,305,43,262,8,0,8,0,1378,1713,166,31,83,45,5,2,29,21,8,59,254,29,319,1,0,318,116,101,6,9,464
Apr-13,Joondalup District,1,1,0,0,0,25,18,7,19,19,0,120,14,106,68,18,44,6,11,10,1,9,3,6,2,0,2,16,0,16,271,228,154,74,58,672,0,0,0,0,0,672,245,40,205,6,0,6,0,1209,1480,115,5,60,44,6,0,15,13,2,20,150,47,131,0,0,131,53,33,12,8,231
May-13,Joondalup District,2,2,0,0,0,29,16,13,8,7,1,93,14,79,69,22,43,4,9,7,2,22,12,10,1,0,1,12,3,9,245,273,174,99,56,730,0,0,0,0,2,728,239,43,196,6,0,6,0,1304,1549,109,10,54,39,6,0,17,15,2,18,144,38,312,1,0,311,55,41,7,7,405
Jun-13,Joondalup District,1,0,1,0,0,14,7,7,15,10,5,109,14,95,62,14,42,6,17,16,1,16,9,7,0,0,0,19,3,16,253,261,188,73,71,610,0,0,0,0,1,609,223,36,187,3,0,3,0,1168,1421,114,12,61,37,4,0,25,19,6,19,158,34,191,0,0,191,93,65,20,8,318
Jul-13,Joondalup District,1,1,0,0,0,17,8,9,24,21,3,94,11,83,75,22,50,3,10,10,0,7,2,5,1,0,1,12,3,9,241,242,196,46,62,529,0,0,0,0,1,528,239,33,206,15,0,15,0,1087,1328,149,18,75,51,5,0,24,18,6,25,198,35,192,0,0,192,49,36,2,11,276
Aug-13,Joondalup District,0,0,0,0,0,25,17,8,30,27,3,93,7,86,83,24,52,7,5,5,0,14,8,6,1,0,1,12,5,7,263,234,179,55,68,663,0,0,0,0,3,660,245,36,209,12,0,11,1,1222,1485,96,11,45,36,4,0,23,18,5,22,141,32,240,2,0,238,48,32,11,5,320
Sep-13,Joondalup District,0,0,0,0,0,25,20,5,11,6,5,81,4,77,65,13,47,5,6,4,2,12,6,6,0,0,0,23,7,16,223,260,181,79,55,513,0,0,0,0,0,513,229,51,178,12,1,11,0,1069,1292,109,8,53,44,4,0,30,19,11,16,155,25,190,2,0,188,48,35,7,6,263
Oct-13,Joondalup District,1,0,1,0,0,20,9,11,6,6,0,94,11,83,81,20,55,6,10,7,3,14,5,9,3,0,3,12,7,5,241,292,207,85,68,656,0,0,0,0,3,653,231,47,184,5,0,5,0,1252,1493,100,10,48,39,3,0,21,16,5,25,146,25,223,0,0,223,91,69,12,10,339
Nov-13,Joondalup District,1,0,0,0,1,21,13,8,22,10,12,112,15,97,102,30,65,7,14,10,4,16,11,5,2,0,2,8,1,7,298,292,207,85,67,654,0,0,0,0,2,652,260,38,222,6,0,6,0,1279,1577,114,7,55,48,4,0,15,11,4,22,151,25,143,0,0,143,117,97,3,17,285
Dec-13,Joondalup District,5,4,1,0,0,16,12,4,7,6,1,142,18,124,66,18,47,1,6,4,2,7,3,4,1,0,1,10,0,10,260,294,213,81,67,617,0,0,0,0,1,616,225,33,192,9,2,6,1,1212,1472,128,12,69,45,2,0,20,14,6,14,162,15,261,1,0,260,60,41,9,10,336
Jan-14,Joondalup District,0,0,0,0,0,25,15,10,2,2,0,112,15,97,75,31,37,7,17,14,3,20,13,7,5,2,3,14,3,11,270,301,213,88,71,714,0,0,0,0,1,713,253,38,215,18,7,10,1,1357,1627,87,4,48,33,2,0,45,40,5,21,153,27,177,6,0,171,72,42,11,19,276
Feb-14,Joondalup District,0,0,0,0,0,24,19,5,2,1,1,132,14,118,88,35,43,10,15,13,2,12,9,3,3,0,3,18,3,15,294,271,205,66,53,645,0,0,0,0,2,643,216,32,184,11,1,7,3,1196,1490,160,11,97,47,5,0,27,21,6,24,211,15,140,1,0,139,62,42,10,10,217
Mar-14,Joondalup District,0,0,0,0,0,24,15,9,19,19,0,108,17,91,71,28,37,6,13,12,1,16,4,12,1,0,1,15,3,12,267,276,193,83,71,707,0,0,0,0,1,706,247,35,212,7,1,6,0,1308,1575,242,23,153,61,5,0,36,26,10,44,322,21,92,0,0,92,70,48,12,10,183
Apr-14,Joondalup District,0,0,0,0,0,27,18,9,5,3,2,103,12,91,72,20,51,1,15,9,6,12,5,7,0,0,0,17,1,16,251,265,210,55,78,620,0,0,0,0,4,616,207,25,182,6,0,5,1,1176,1427,178,19,90,61,8,0,43,23,20,38,259,15,187,1,0,186,83,66,5,12,285
May-14,Joondalup District,1,0,0,0,1,50,15,35,13,13,0,69,5,64,50,13,33,4,8,6,2,16,5,11,2,0,2,16,5,11,225,310,249,61,48,654,0,0,0,0,1,653,187,33,154,13,0,12,1,1212,1437,251,28,123,89,10,1,38,31,7,27,316,28,217,1,0,216,50,37,7,6,295
Jun-14,Joondalup District,0,0,0,0,0,109,101,8,25,22,3,84,8,76,54,19,34,1,16,14,2,16,9,7,1,1,0,15,4,11,320,200,140,60,53,749,0,0,0,0,2,747,197,34,163,4,0,4,0,1203,1523,122,12,70,38,2,0,23,21,2,22,167,20,316,1,0,315,63,53,3,7,399
Jul-14,Joondalup District,0,0,0,0,0,23,6,17,3,3,0,103,19,84,60,21,31,8,12,11,1,10,4,6,3,0,3,10,3,7,224,223,137,86,56,723,0,0,0,0,3,720,219,39,180,16,0,16,0,1237,1461,185,10,97,71,7,0,28,18,10,14,227,17,130,3,0,127,106,71,22,13,253
Aug-14,Joondalup District,0,0,0,0,0,24,10,14,4,3,1,106,19,87,63,20,34,9,12,9,3,22,11,11,1,1,0,15,5,10,247,212,163,49,51,664,0,0,0,0,2,662,237,63,174,11,1,10,0,1175,1422,191,12,100,75,3,1,20,19,1,37,248,13,144,3,0,141,64,44,10,10,221
Sep-14,Joondalup District,3,2,1,0,0,16,7,9,6,5,1,72,8,64,64,27,35,2,6,5,1,17,7,10,2,0,2,11,4,7,197,214,163,51,59,689,0,0,0,0,0,689,248,47,201,18,0,18,0,1228,1425,180,14,82,82,2,0,33,28,5,23,236,34,126,2,0,124,81,71,1,9,241
Oct-14,Joondalup District,0,0,0,0,0,20,12,8,5,4,1,80,10,70,72,24,42,6,5,4,1,23,13,10,2,1,1,12,2,10,219,265,185,80,67,872,0,0,0,0,2,870,263,45,218,13,0,13,0,1480,1699,159,12,93,48,6,0,24,23,1,37,220,69,200,0,0,200,74,54,6,14,343
Nov-14,Joondalup District,0,0,0,0,0,25,14,11,20,19,1,110,20,90,77,31,41,5,12,7,5,12,7,5,1,0,1,15,5,10,272,288,202,86,66,776,0,0,0,0,3,773,234,41,193,14,0,13,1,1378,1650,171,19,79,65,8,0,27,24,3,32,230,20,62,0,0,62,65,35,16,14,147
Dec-14,Joondalup District,0,0,0,0,0,24,11,13,2,1,1,117,15,102,69,18,47,4,13,11,2,24,12,12,2,0,2,5,1,4,256,249,180,69,64,783,0,0,0,0,3,780,260,51,209,23,8,12,3,1379,1635,196,19,104,71,1,1,59,55,4,38,293,18,193,1,0,192,69,49,8,12,280
Jan-15,Joondalup District,0,0,0,0,0,13,8,5,61,53,8,97,11,86,74,29,42,3,12,10,2,21,8,13,0,0,0,10,3,7,288,292,222,70,60,796,0,0,0,0,0,796,316,53,263,14,5,8,1,1478,1766,185,12,102,65,5,1,23,18,5,26,234,26,150,1,0,149,39,24,5,10,215
Feb-15,Joondalup District,1,0,0,1,0,21,12,9,14,9,5,108,16,92,79,24,51,4,7,6,1,22,13,9,5,1,4,10,0,10,267,277,206,71,66,696,0,0,0,0,4,692,217,41,176,12,0,11,1,1268,1535,196,7,103,78,7,1,32,26,6,41,269,15,125,1,0,124,68,51,7,10,208
Mar-15,Joondalup District,1,0,0,0,1,47,33,14,20,15,5,125,19,106,91,26,58,7,14,11,3,22,9,13,2,0,2,19,4,15,341,231,162,69,66,787,0,0,0,0,2,785,220,40,180,10,1,9,0,1314,1655,176,8,85,77,5,1,22,21,1,31,229,20,118,2,0,116,55,37,5,13,193
Apr-15,Joondalup District,0,0,0,0,0,174,16,158,45,21,24,136,18,118,58,24,32,2,22,21,1,9,4,5,4,0,4,13,3,10,461,221,144,77,61,802,0,0,0,0,0,802,228,34,194,11,2,5,4,1323,1784,204,11,120,68,5,0,28,22,6,31,263,22,70,0,0,70,48,35,5,8,140
May-15,Joondalup District,0,0,0,0,0,21,14,7,32,31,1,134,16,118,49,18,27,4,25,19,6,22,5,17,3,0,3,20,8,12,306,248,161,87,69,676,0,0,0,0,1,675,256,49,207,6,1,4,1,1255,1561,324,20,161,137,5,1,30,22,8,46,400,15,92,1,0,91,75,53,4,18,182
Jun-15,Joondalup District,0,0,0,0,0,44,34,10,21,20,1,136,27,109,71,22,47,2,22,16,6,16,8,8,2,0,2,14,3,11,326,280,218,62,92,807,0,0,0,0,5,802,245,34,211,7,0,7,0,1431,1757,337,20,177,126,13,1,40,33,7,75,452,14,125,10,0,115,62,45,6,11,201
Jul-15,Joondalup District,0,0,0,0,0,18,14,4,1,1,0,121,16,105,74,27,40,7,15,9,6,16,8,8,4,0,4,18,6,12,267,305,207,98,65,788,0,0,0,0,2,786,236,37,199,7,2,5,0,1401,1668,330,18,175,131,5,1,52,36,16,38,420,13,216,1,0,215,52,28,8,16,281
Aug-15,Joondalup District,2,1,0,1,0,20,11,9,29,28,1,170,29,141,74,34,36,4,17,14,3,17,9,8,4,1,3,14,2,12,347,296,225,71,75,753,0,0,0,0,3,750,234,38,196,15,0,15,0,1373,1720,312,24,150,131,7,0,48,46,2,33,393,17,169,0,0,169,70,50,6,14,256
Sep-15,Joondalup District,1,0,0,0,1,31,26,5,4,4,0,162,14,148,54,19,34,1,22,19,3,20,8,12,2,0,2,15,7,8,311,238,185,53,78,721,0,0,0,0,2,719,234,30,204,5,1,4,0,1276,1587,328,18,166,135,9,0,45,43,2,50,423,15,176,1,0,175,56,39,4,13,247
Oct-15,Joondalup District,1,0,0,0,1,24,21,3,12,7,5,129,15,114,67,22,38,7,12,9,3,19,11,8,2,1,1,14,2,12,280,279,224,55,74,849,0,0,0,0,5,844,232,42,190,11,1,10,0,1445,1725,306,36,150,114,6,0,44,39,5,31,381,16,225,0,0,225,83,54,16,13,324
Nov-15,Joondalup District,0,0,0,0,0,22,12,10,7,7,0,197,24,173,74,30,42,2,15,14,1,17,8,9,2,0,2,8,4,4,342,251,205,46,63,753,0,0,0,0,7,746,254,49,205,8,2,6,0,1329,1671,310,48,154,91,14,3,15,10,5,36,361,8,155,0,0,155,82,51,6,25,245
Dec-15,Joondalup District,0,0,0,0,0,21,17,4,5,5,0,192,17,175,83,30,46,7,25,21,4,18,10,8,3,0,3,14,1,13,361,224,185,39,90,673,0,0,0,0,3,670,261,49,212,17,2,11,4,1265,1626,273,20,149,94,10,0,24,22,2,28,325,8,169,0,0,169,69,52,2,15,246
Jan-16,Joondalup District,1,0,0,0,1,24,21,3,13,12,1,215,9,206,76,27,44,5,29,28,1,13,8,5,4,0,4,16,3,13,391,274,220,54,87,738,0,0,0,0,3,735,232,35,197,7,0,6,1,1338,1729,272,26,138,101,6,1,27,22,5,26,325,23,89,0,0,89,209,176,5,28,321
Feb-16,Joondalup District,1,1,0,0,0,42,26,16,18,17,1,174,25,149,88,27,56,5,22,20,2,27,11,16,2,0,2,12,2,10,386,219,182,37,79,733,0,0,0,0,5,728,249,42,207,5,0,5,0,1285,1671,429,170,132,124,3,0,40,37,3,40,509,20,102,0,0,102,76,46,7,23,198
Mar-16,Joondalup District,0,0,0,0,0,28,14,14,9,9,0,231,28,203,88,38,47,3,28,27,1,23,9,14,4,0,4,8,1,7,419,287,220,67,91,691,0,0,0,0,2,689,216,49,167,12,0,10,2,1297,1716,372,28,196,138,10,0,62,61,1,86,520,36,103,0,0,103,276,190,8,78,415
Apr-16,Joondalup District,2,2,0,0,0,32,27,5,4,4,0,168,17,151,58,22,33,3,28,27,1,16,8,8,5,0,5,13,0,13,326,268,199,69,75,799,0,0,0,0,3,796,257,39,218,8,0,8,0,1407,1733,401,29,199,161,10,2,49,49,0,40,490,11,87,0,0,87,74,53,9,12,172
May-16,Joondalup District,1,0,1,0,0,30,21,9,8,8,0,200,25,175,58,21,32,5,26,19,7,20,10,10,7,2,5,17,5,12,367,316,230,86,73,738,0,0,0,0,0,738,246,58,188,6,0,6,0,1379,1746,322,16,170,131,4,1,60,49,11,54,436,12,91,0,0,91,146,87,39,20,249
Jun-16,Joondalup District,0,0,0,0,0,35,21,14,32,31,1,124,19,105,85,32,47,6,17,16,1,12,7,5,5,2,3,21,7,14,331,286,202,84,69,774,0,0,0,0,2,772,203,50,153,4,0,4,0,1336,1667,292,29,142,117,2,2,60,58,2,38,390,17,107,0,0,107,143,125,9,9,267
Jul-16,Joondalup District,0,0,0,0,0,26,21,5,4,4,0,178,12,166,58,18,33,7,20,19,1,22,8,14,5,1,4,13,3,10,326,235,175,60,48,624,0,0,0,0,5,619,214,43,171,4,1,3,0,1125,1451,355,39,182,129,5,0,37,35,2,40,432,10,66,3,0,63,42,25,5,12,118
Aug-16,Joondalup District,1,1,0,0,0,13,11,2,17,14,3,122,7,115,78,31,39,8,16,14,2,24,9,15,3,3,0,13,1,12,287,224,177,47,61,672,0,0,0,0,2,670,234,43,191,4,0,4,0,1195,1482,365,29,175,148,13,0,75,69,6,41,481,11,120,0,0,120,123,89,12,22,254
Sep-16,Joondalup District,4,1,0,2,1,26,12,14,3,3,0,148,18,130,72,21,46,5,19,16,3,15,8,7,2,1,1,14,1,13,303,266,202,64,69,632,0,0,0,0,4,628,220,42,178,16,0,15,1,1203,1506,361,36,181,138,5,1,161,158,3,42,564,27,146,1,0,145,69,49,8,12,242
Oct-16,Joondalup District,3,2,1,0,0,34,24,10,18,18,0,124,26,98,66,22,42,2,19,16,3,21,7,14,2,0,2,7,0,7,294,264,191,73,58,703,0,0,0,0,1,702,229,55,174,5,1,4,0,1259,1553,270,40,133,91,5,1,22,18,4,37,329,19,89,0,0,89,138,113,7,18,246
Nov-16,Joondalup District,0,0,0,0,0,29,20,9,16,15,1,107,20,87,74,23,44,7,19,17,2,14,8,6,2,0,2,10,1,9,271,256,187,69,78,818,0,0,0,0,1,817,243,54,189,7,0,5,2,1402,1673,398,43,191,147,12,5,34,29,5,47,479,14,118,1,0,117,91,63,5,23,223
Dec-16,Joondalup District,4,1,1,2,0,19,15,4,30,27,3,140,24,116,79,31,44,4,21,17,4,29,12,17,0,0,0,6,1,5,328,240,160,80,55,650,0,0,0,0,0,650,233,49,184,19,6,10,3,1197,1525,297,19,150,121,6,1,40,32,8,43,380,11,63,3,0,60,99,77,8,14,173
Jan-17,Joondalup District,2,0,0,0,2,42,32,10,23,21,2,112,15,97,73,27,42,4,21,17,4,16,8,8,2,0,2,17,5,12,308,267,211,56,66,753,0,0,0,0,2,751,231,34,197,4,0,2,2,1321,1629,202,11,101,85,5,0,27,22,5,29,258,10,96,0,0,96,80,47,25,8,186
Feb-17,Joondalup District,0,0,0,0,0,39,32,7,6,6,0,122,30,92,68,25,40,3,11,10,1,22,8,14,2,0,2,15,1,14,285,196,155,41,53,702,0,0,0,0,3,699,187,35,152,11,1,6,4,1149,1434,250,23,123,92,8,4,41,41,0,29,320,12,100,1,0,99,110,94,4,12,222
Mar-17,Joondalup District,0,0,0,0,0,34,24,10,10,10,0,103,16,87,80,31,44,5,7,5,2,17,11,6,2,0,2,13,4,9,266,217,179,38,60,713,0,0,0,0,3,710,243,56,187,7,0,7,0,1240,1506,308,20,160,114,13,1,51,44,7,43,402,13,75,3,0,72,79,56,11,12,167
Apr-17,Joondalup District,0,0,0,0,0,23,13,10,93,77,16,120,18,102,65,28,33,4,8,7,1,23,12,11,4,0,4,12,4,8,348,163,136,27,40,664,0,0,0,0,3,661,189,42,147,6,0,6,0,1062,1410,302,32,147,116,6,1,46,41,5,60,408,12,121,1,0,120,63,35,14,14,196
May-17,Joondalup District,0,0,0,0,0,26,24,2,21,18,3,114,13,101,62,22,37,3,13,10,3,22,15,7,1,0,1,13,3,10,272,253,201,52,76,777,0,0,0,0,1,776,189,40,149,3,0,3,0,1298,1570,304,30,146,119,8,1,48,40,8,26,378,9,141,2,0,139,165,135,10,20,315
Jun-17,Joondalup District,0,0,0,0,0,25,18,7,29,28,1,103,12,91,79,25,54,0,10,9,1,13,5,8,4,1,3,11,2,9,274,208,182,26,71,652,135,91,110,194,5,117,178,27,151,13,0,13,0,1122,1396,259,17,137,97,8,0,35,34,1,32,326,17,130,0,38,92,65,37,13,15,212
Jul-17,Joondalup District,0,0,0,0,0,22,18,4,19,19,0,102,9,93,49,15,31,3,14,13,1,19,11,8,3,0,3,8,3,5,236,153,123,30,34,544,188,102,87,164,3,0,161,41,120,3,0,3,0,895,1131,232,11,118,91,11,1,37,35,2,27,296,10,202,0,163,39,71,47,9,15,283
Aug-17,Joondalup District,0,0,0,0,0,23,17,6,4,3,1,97,10,87,68,24,41,3,11,11,0,17,10,7,3,0,3,6,2,4,229,169,130,39,39,596,169,131,90,204,2,0,161,35,126,4,0,4,0,969,1198,326,30,168,119,6,3,52,50,2,68,446,35,212,3,173,36,71,47,11,13,318
Sep-17,Joondalup District,1,0,0,0,1,19,11,8,19,16,3,91,23,68,68,25,39,4,18,16,2,21,10,11,6,1,5,10,1,9,253,188,142,46,40,560,153,122,98,186,1,0,193,37,156,5,0,4,1,986,1239,276,23,132,109,5,7,42,42,0,43,361,15,173,0,132,41,64,46,8,10,252
Oct-17,Joondalup District,0,0,0,0,0,38,30,8,10,9,1,91,12,79,60,21,39,0,11,10,1,21,9,12,0,0,0,3,1,2,234,188,144,44,39,606,178,135,115,176,2,0,177,40,137,5,0,5,0,1015,1249,216,5,120,86,4,1,28,24,4,17,261,12,141,1,122,18,105,73,22,10,258
Nov-17,Joondalup District,1,1,0,0,0,24,13,11,14,14,0,115,16,99,79,29,50,0,17,10,7,18,9,9,3,0,3,9,3,6,280,223,149,74,46,638,168,148,111,209,2,0,191,26,165,7,4,2,1,1105,1385,327,90,131,96,5,5,66,63,3,39,432,16,248,2,206,40,77,48,8,21,341
Dec-17,Joondalup District,1,0,0,0,1,36,29,7,7,6,1,125,13,112,83,29,50,4,18,17,1,16,6,10,1,0,1,8,0,8,295,220,178,42,59,646,214,133,114,183,2,0,198,47,151,19,12,7,0,1142,1437,207,17,108,77,4,1,35,31,4,19,261,14,182,1,157,24,124,82,9,33,320
Jan-18,Joondalup District,1,1,0,0,0,40,25,15,16,16,0,135,30,105,66,25,36,5,29,20,9,22,9,13,2,1,1,13,1,12,324,219,168,51,52,700,174,136,115,271,4,0,180,30,150,8,4,3,1,1159,1483,283,8,146,115,8,6,34,31,3,25,342,11,167,1,148,18,76,51,4,21,254
Feb-18,Joondalup District,0,0,0,0,0,58,37,21,67,64,3,115,25,90,77,28,48,1,20,16,4,13,8,5,3,0,3,6,0,6,359,201,153,48,56,641,197,136,88,218,2,0,169,39,130,12,6,5,1,1079,1438,257,29,126,89,11,2,43,38,5,31,331,13,231,0,204,27,142,97,33,12,386
Mar-18,Joondalup District,0,0,0,0,0,26,17,9,24,23,1,100,18,82,82,24,48,10,19,17,2,30,16,14,2,0,2,12,2,10,295,223,168,55,64,684,207,125,106,244,2,0,199,34,165,5,3,2,0,1175,1470,346,56,161,119,9,1,86,85,1,31,463,4,203,2,181,20,138,114,7,17,345
Apr-18,Joondalup District,0,0,0,0,0,17,13,4,22,18,4,110,17,93,71,28,41,2,15,10,5,14,6,8,3,0,3,7,2,5,259,174,129,45,39,589,144,135,111,198,1,0,168,38,130,7,0,7,0,977,1236,272,19,146,100,7,0,33,32,1,35,340,9,126,1,112,13,100,67,9,24,235
May-18,Joondalup District,0,0,0,0,0,30,23,7,38,37,1,72,11,61,74,19,53,2,13,12,1,19,11,8,6,0,6,16,2,14,268,182,137,45,43,676,189,127,86,271,3,0,161,32,129,3,1,2,0,1065,1333,367,26,174,156,10,1,35,32,3,29,431,8,111,1,90,20,83,59,9,15,202
Jun-18,Joondalup District,0,0,0,0,0,45,40,5,54,54,0,115,26,89,73,35,34,4,11,6,5,21,12,9,0,0,0,4,0,4,323,185,127,58,42,633,179,138,100,216,0,0,166,42,124,4,0,4,0,1030,1353,293,25,156,104,6,2,34,34,0,36,363,21,89,0,76,13,69,49,9,11,179
Jul-18,Joondalup District,0,0,0,0,0,26,17,9,31,31,0,108,22,86,58,24,32,2,9,6,3,18,11,7,1,0,1,9,1,8,260,162,123,39,35,664,190,167,98,207,2,0,156,24,132,3,0,3,0,1020,1280,307,42,142,117,4,2,81,79,2,30,418,9,198,0,125,73,59,47,3,9,266
Aug-18,Joondalup District,0,0,0,0,0,29,26,3,16,16,0,112,17,95,66,15,43,8,13,13,0,26,16,10,4,0,4,6,1,5,272,228,176,52,46,688,184,168,103,231,2,0,171,38,133,7,0,5,2,1140,1412,298,26,150,119,2,1,70,65,5,46,414,18,251,1,235,15,72,49,7,16,341
Sep-18,Joondalup District,0,0,0,0,0,29,16,13,23,22,1,98,15,83,81,28,50,3,14,11,3,21,9,12,3,0,3,13,2,11,282,192,139,53,51,628,167,155,83,222,1,0,198,53,145,5,0,4,1,1074,1356,306,17,178,99,9,3,31,25,6,42,379,15,230,0,216,14,94,75,7,12,339
Oct-18,Joondalup District,1,0,1,0,0,46,40,6,12,12,0,99,20,79,72,21,44,7,17,10,7,19,7,12,3,1,2,15,0,15,284,238,196,42,55,676,200,141,97,237,1,0,198,39,159,6,0,6,0,1173,1457,275,19,146,97,11,2,46,39,7,58,379,16,276,5,256,15,89,71,1,17,381
Nov-18,Joondalup District,0,0,0,0,0,29,19,10,18,16,2,110,21,89,73,16,52,5,17,10,7,13,8,5,3,0,3,12,1,11,275,228,190,38,69,680,192,147,113,227,1,0,202,40,162,8,2,6,0,1187,1462,239,15,124,89,7,4,38,37,1,31,308,20,228,0,204,24,188,165,4,19,436
Dec-18,Joondalup District,2,1,0,0,1,57,45,12,12,11,1,116,24,92,74,25,38,11,17,14,3,23,10,13,4,0,4,19,1,18,324,183,150,33,46,626,159,160,115,192,0,0,192,27,165,6,2,3,1,1053,1377,233,4,127,88,11,3,27,25,2,26,286,14,207,2,189,16,102,87,6,9,323
Jan-19,Joondalup District,0,0,0,0,0,39,29,10,5,5,0,140,28,112,66,19,44,3,11,10,1,25,6,19,0,0,0,10,4,6,296,223,170,53,60,767,236,166,116,246,3,0,208,29,179,14,4,9,1,1272,1568,202,9,111,74,6,2,47,41,6,34,283,11,303,10,270,23,95,80,5,10,409
Feb-19,Joondalup District,0,0,0,0,0,42,22,20,6,5,1,121,20,101,69,23,44,2,11,10,1,17,7,10,0,0,0,5,0,5,271,180,138,42,43,629,173,148,110,197,1,0,175,36,139,6,1,5,0,1033,1304,237,21,123,83,8,2,39,35,4,39,315,10,134,1,97,36,125,101,3,21,269
Mar-19,Joondalup District,0,0,0,0,0,54,47,7,35,34,1,121,21,100,84,22,55,7,17,15,2,16,8,8,0,0,0,9,0,9,336,175,131,44,46,646,152,210,90,194,0,0,198,41,157,7,0,7,0,1072,1408,242,13,125,94,7,3,31,30,1,38,311,14,206,1,178,27,112,88,7,17,332
Apr-19,Joondalup District,0,0,0,0,0,22,17,5,15,13,2,105,15,90,70,18,50,2,13,9,4,17,7,10,5,1,4,12,2,10,259,180,132,48,65,626,161,168,96,200,1,0,183,33,150,20,0,19,1,1074,1333,228,15,112,81,13,7,33,31,2,38,299,13,128,0,110,18,79,56,7,16,220
May-19,Joondalup District,2,0,0,1,1,27,19,8,24,22,2,114,23,91,80,27,45,8,18,17,1,20,12,8,2,0,2,8,1,7,295,171,104,67,50,848,197,214,122,313,2,0,168,28,140,5,0,5,0,1242,1537,263,13,128,108,5,9,55,52,3,37,355,15,202,0,174,28,95,78,4,13,312
Jun-19,Joondalup District,0,0,0,0,0,42,35,7,7,7,0,83,12,71,62,16,41,5,9,8,1,21,9,12,3,0,3,12,1,11,239,203,127,76,63,625,157,180,103,184,1,0,138,21,117,5,0,5,0,1034,1273,231,11,121,85,11,3,38,34,4,54,323,18,135,0,115,20,109,94,5,10,262
Jul-19,Joondalup District,0,0,0,0,0,37,24,13,7,6,1,91,17,74,50,15,34,1,10,8,2,21,11,10,5,0,5,8,0,8,229,148,114,34,47,645,155,185,90,215,0,0,141,26,115,5,0,5,0,986,1215,281,25,140,100,3,13,37,35,2,30,348,27,120,0,101,19,66,51,2,13,213
Aug-19,Joondalup District,0,0,0,0,0,25,21,4,12,12,0,89,13,76,68,20,47,1,7,5,2,19,5,14,2,0,2,10,1,9,232,181,138,43,45,720,243,195,98,184,0,0,177,27,150,9,0,9,0,1132,1364,330,24,171,120,11,4,55,54,1,33,418,26,145,1,115,29,68,43,8,17,239
Sep-19,Joondalup District,0,0,0,0,0,59,48,11,8,6,2,119,21,98,66,12,51,3,11,9,2,23,11,12,1,0,1,14,1,13,301,203,167,36,61,690,196,164,98,231,1,0,189,29,160,7,0,6,1,1150,1451,287,6,173,89,10,9,40,38,2,22,349,23,231,0,214,17,90,65,7,18,344
Oct-19,Joondalup District,0,0,0,0,0,43,34,9,54,54,0,118,22,96,66,21,39,6,8,5,3,21,13,8,0,0,0,9,1,8,319,193,154,39,44,735,239,190,100,203,3,0,204,31,173,9,0,7,2,1185,1504,355,34,183,122,8,8,54,53,1,34,443,24,208,1,176,31,112,88,9,15,344
Nov-19,Joondalup District,1,0,1,0,0,38,31,7,11,11,0,103,19,84,71,24,42,5,12,7,5,22,11,11,0,0,0,17,4,13,275,240,186,54,45,643,217,131,104,188,3,0,178,31,147,8,2,6,0,1114,1389,297,29,147,103,8,10,31,29,2,27,355,11,137,0,125,12,106,78,7,21,254
Dec-19,Joondalup District,0,0,0,0,0,20,13,7,6,6,0,146,23,123,67,22,44,1,11,10,1,14,7,7,3,2,1,5,0,5,272,212,158,54,52,654,172,171,107,204,0,0,208,34,174,8,5,3,0,1134,1406,265,32,124,95,5,9,37,35,2,48,350,11,171,0,149,22,122,97,7,18,304
Jan-20,Joondalup District,0,0,0,0,0,16,12,4,14,14,0,120,17,103,77,25,46,6,13,10,3,17,7,10,5,3,2,22,0,22,284,199,166,33,56,725,196,179,112,236,2,0,212,33,179,17,11,3,3,1209,1493,195,15,102,71,4,3,23,22,1,35,253,26,166,2,130,34,89,69,6,14,281
Feb-20,Joondalup District,0,0,0,0,0,46,33,13,9,9,0,155,28,127,82,24,56,2,15,12,3,12,5,7,1,0,1,12,2,10,332,223,179,44,45,703,200,175,94,234,0,0,187,27,160,6,5,0,1,1164,1496,203,21,92,75,5,10,26,26,0,44,273,14,173,1,161,11,107,87,2,18,294
Mar-20,Joondalup District,1,1,0,0,0,106,65,41,30,30,0,139,21,118,51,14,34,3,19,17,2,20,10,10,2,0,2,16,4,12,384,188,139,49,39,601,163,144,74,219,1,0,208,40,168,12,11,1,0,1048,1432,253,30,115,76,14,18,73,70,3,25,351,14,244,0,205,39,185,157,7,21,443
Apr-20,Joondalup District,2,2,0,0,0,23,20,3,20,18,2,147,25,122,59,19,31,9,19,12,7,22,11,11,3,0,3,5,0,5,300,99,67,32,30,405,90,97,79,138,1,0,194,32,162,8,0,8,0,736,1036,331,27,176,110,5,13,23,22,1,21,375,13,89,3,71,15,116,84,7,25,218
May-20,Joondalup District,0,0,0,0,0,42,26,16,3,1,2,100,12,88,58,23,31,4,9,5,4,15,6,9,1,0,1,7,0,7,235,78,62,16,21,378,73,103,63,139,0,0,159,38,121,6,0,6,0,642,877,358,23,189,130,6,10,40,37,3,41,439,27,118,5,68,45,99,69,21,9,244
Jun-20,Joondalup District,1,0,0,0,1,49,17,32,47,43,4,113,14,99,71,19,49,3,17,11,6,17,10,7,2,0,2,11,2,9,328,82,67,15,30,340,96,80,54,110,0,0,174,32,142,7,0,7,0,633,961,312,21,158,99,12,22,24,24,0,23,359,24,138,0,113,25,77,49,7,21,239
Jul-20,Joondalup District,1,0,1,0,0,34,22,12,32,27,5,129,16,113,74,30,43,1,17,14,3,24,9,15,1,0,1,3,0,3,315,91,74,17,25,327,62,100,40,124,1,0,126,23,103,8,1,7,0,577,892,298,33,135,89,5,36,26,25,1,59,383,25,77,0,53,24,101,62,10,29,203
Aug-20,Joondalup District,0,0,0,0,0,15,5,10,31,31,0,112,17,95,85,36,47,2,14,7,7,10,7,3,2,0,2,9,0,9,278,66,53,13,27,309,93,94,59,62,1,0,143,22,121,3,0,3,0,548,826,301,36,150,94,10,11,34,32,2,34,369,21,89,0,60,29,101,64,17,20,211
Sep-20,Joondalup District,4,0,0,0,4,39,33,6,27,25,2,108,8,100,116,42,67,7,12,11,1,8,5,3,1,0,1,8,1,7,323,91,63,28,31,344,100,95,67,82,0,0,167,22,145,6,0,6,0,639,962,280,30,123,96,6,25,23,23,0,41,344,15,62,0,50,12,108,76,14,18,185
Oct-20,Joondalup District,0,0,0,0,0,14,9,5,10,10,0,122,17,105,85,30,55,0,10,9,1,19,9,10,1,0,1,5,1,4,266,112,88,24,39,397,100,125,65,107,0,0,160,25,135,2,1,1,0,710,976,238,26,106,88,7,11,24,24,0,40,302,11,143,1,136,6,80,50,7,23,234
Nov-20,Joondalup District,1,0,0,1,0,36,24,12,47,40,7,140,15,125,69,19,45,5,14,14,0,7,3,4,2,0,2,11,0,11,327,113,89,24,23,337,87,95,62,92,1,0,164,31,133,7,2,5,0,644,971,217,15,102,78,8,14,20,18,2,26,263,15,144,0,130,14,71,51,6,14,230
Dec-20,Joondalup District,1,0,0,0,1,21,18,3,8,8,0,155,30,125,63,24,39,0,18,17,1,6,3,3,4,0,4,8,0,8,284,122,101,21,42,351,83,74,66,128,0,0,203,36,167,5,1,3,1,723,1007,195,5,105,75,2,8,19,19,0,21,235,16,180,0,161,19,102,59,13,30,298